{
    "openapi": "3.0.0",
    "info": {
      "title": "Mustang deliver API documentation",
      "description": "Mustang deliver API documentation",
      "version": "1.0.0"
    },
    "servers": [
      {
        "url": "https://n0x13t8dk3.execute-api.ap-south-1.amazonaws.com/mustang",
        "description": "Development server"
      }
    ],
    "paths": {
      "/getTenants": {
        "get": {
          "summary": "Returns a list of all tenants.",
          "description": "Returns a list of all tenants.",
          "security": [
            {
              "bearerAuth": []
            }
          ],
          "responses": {
            "200": {
              "description": "Returns array of all tenants",
              "content": {
                "application/json": {
                  "schema": {
                    "type": "array",
                    "items": {
                      "type": "string"
                    }
                  }
                }
              }
            }
          }
        }
      }
    },
    "components": {
        "securitySchemes": {
          "bearerAuth": {
            "type": "http",
            "scheme": "bearer",
            "bearerFormat": "JWT"
          }
        }
      }
  }